{"meyda":{"mean":0.0034292202754241928,"moe":0.00003882623514185714,"rme":1.132217589523448,"sem":0.000019809303643804663,"deviation":0.00018476888386349956,"variance":3.413954044416339e-8,"execution times":[0.0035870655,0.0036103542142857143,0.0036069196428571426,0.004203681571428571,0.0034430472,0.0034104805333333337,0.003551166666666667,0.0034652472,0.0038964250000000002,0.003547011133333333,0.0034649777333333335,0.0034696722666666666,0.0034273,0.0033801278,0.0033710181875,0.003368153625,0.0034253046875,0.00333773175,0.003375395875,0.003332096375,0.0033280286875,0.0033342760625,0.003352862,0.00335818225,0.00341234375,0.003377096375,0.00332498175,0.0033319609375,0.0033669505,0.0033738385625,0.0034075806875,0.00335640625,0.0033494349375,0.0033668125,0.0033475208125,0.0033534609375,0.003357677125,0.0033719245,0.0033694895625,0.0033957943125,0.0034741328125,0.0035000494375,0.003364953125,0.0033585286875,0.0033198203125,0.00332634375,0.0033935234375,0.00336148175,0.003392859375,0.00340659375,0.003344372375,0.0033520729375,0.003325309875,0.0033843176875,0.0033567448125,0.004620224,0.0039362890625,0.003570510375,0.0034089244375,0.00337379425,0.0034290885,0.0034495989375,0.0033754036875,0.003341151,0.003418458375,0.003427987,0.0033871693125,0.0033656953125,0.003386895875,0.003377671875,0.0033530806875,0.003338388,0.0033955520625,0.00337915625,0.003385026,0.00336576825,0.00335379425,0.003380078125,0.0033636953125,0.003403002625,0.003385888,0.0033784505625,0.00338396875,0.0033331770625,0.003359599,0.0033934140625,0.003350359375],"cycle":0.054867524406787084,"elapsed":5.998,"period":0.0034292202754241928,"timeStamp":1685952849107,"count":16,"cycles":4,"hz":291.61148006927044},"essentia":{"mean":0,"moe":0,"rme":0,"sem":0,"deviation":0,"variance":0,"execution times":[],"cycle":0,"elapsed":0,"period":0,"timeStamp":0,"count":0,"cycles":0,"hz":0}}